metric,mean,median,p95
lift,88.40598869543089,10.844444444444443,366.3333333333333
npmi,0.581628643030511,0.6030160717527262,1.0
jacc_doc,0.029857916406321225,0.0007434944237918,0.1
time_decayed_support,0.9677082708202969,1.0,2.0
s_cohesion,0.5879696615532042,0.5756861567497253,0.7447909712791443
r_cohesion,0.6072521825335263,0.6276618242263794,0.7581945061683655
o_cohesion,0.5743035088156629,0.5422554612159729,0.7374686002731323
score,0.5673085953908067,0.5399963678265943,0.9818624746678888
